{
  "hash": "8d51076d",
  "configHash": "0451f407",
  "lockfileHash": "1a9d4a92",
  "browserHash": "d6feff15",
  "optimized": {
    "@angular/common": {
      "src": "../../../../../../node_modules/@angular/common/fesm2022/common.mjs",
      "file": "@angular_common.js",
      "fileHash": "a9d06478",
      "needsInterop": false
    },
    "@angular/common/http": {
      "src": "../../../../../../node_modules/@angular/common/fesm2022/http.mjs",
      "file": "@angular_common_http.js",
      "fileHash": "8803bdfe",
      "needsInterop": false
    },
    "@angular/core": {
      "src": "../../../../../../node_modules/@angular/core/fesm2022/core.mjs",
      "file": "@angular_core.js",
      "fileHash": "e741e599",
      "needsInterop": false
    },
    "@angular/forms": {
      "src": "../../../../../../node_modules/@angular/forms/fesm2022/forms.mjs",
      "file": "@angular_forms.js",
      "fileHash": "fa553786",
      "needsInterop": false
    },
    "@angular/platform-browser": {
      "src": "../../../../../../node_modules/@angular/platform-browser/fesm2022/platform-browser.mjs",
      "file": "@angular_platform-browser.js",
      "fileHash": "846d5f10",
      "needsInterop": false
    },
    "@angular/platform-server/init": {
      "src": "../../../../../../node_modules/@angular/platform-server/fesm2022/init.mjs",
      "file": "@angular_platform-server_init.js",
      "fileHash": "5b016267",
      "needsInterop": false
    },
    "@angular/router": {
      "src": "../../../../../../node_modules/@angular/router/fesm2022/router.mjs",
      "file": "@angular_router.js",
      "fileHash": "6db357be",
      "needsInterop": false
    },
    "@angular/ssr": {
      "src": "../../../../../../node_modules/@angular/ssr/fesm2022/ssr.mjs",
      "file": "@angular_ssr.js",
      "fileHash": "f1d46e1a",
      "needsInterop": false
    },
    "@angular/ssr/node": {
      "src": "../../../../../../node_modules/@angular/ssr/fesm2022/node.mjs",
      "file": "@angular_ssr_node.js",
      "fileHash": "b9c894cc",
      "needsInterop": false
    },
    "@ng-idle/core": {
      "src": "../../../../../../node_modules/@ng-idle/core/fesm2022/ng-idle-core.mjs",
      "file": "@ng-idle_core.js",
      "fileHash": "2e40391e",
      "needsInterop": false
    },
    "@ng-idle/keepalive": {
      "src": "../../../../../../node_modules/@ng-idle/keepalive/fesm2022/ng-idle-keepalive.mjs",
      "file": "@ng-idle_keepalive.js",
      "fileHash": "cee4c30a",
      "needsInterop": false
    },
    "express": {
      "src": "../../../../../../node_modules/express/index.js",
      "file": "express.js",
      "fileHash": "e4d2a822",
      "needsInterop": true
    },
    "rxjs": {
      "src": "../../../../../../node_modules/rxjs/dist/cjs/index.js",
      "file": "rxjs.js",
      "fileHash": "ce8f60f0",
      "needsInterop": true
    },
    "zone.js/node": {
      "src": "../../../../../../node_modules/zone.js/fesm2015/zone-node.js",
      "file": "zone__js_node.js",
      "fileHash": "cd3e05e7",
      "needsInterop": true
    }
  },
  "chunks": {
    "chunk-LNZ66M4Z": {
      "file": "chunk-LNZ66M4Z.js"
    },
    "xhr2-WBTWOK2V": {
      "file": "xhr2-WBTWOK2V.js"
    },
    "chunk-KKMA5QV4": {
      "file": "chunk-KKMA5QV4.js"
    },
    "chunk-ARQZVA2J": {
      "file": "chunk-ARQZVA2J.js"
    },
    "chunk-NUJVJIUY": {
      "file": "chunk-NUJVJIUY.js"
    },
    "chunk-BL5D7ENA": {
      "file": "chunk-BL5D7ENA.js"
    },
    "chunk-5NKROQBM": {
      "file": "chunk-5NKROQBM.js"
    },
    "chunk-YQZF7T32": {
      "file": "chunk-YQZF7T32.js"
    },
    "chunk-7MGOZNC6": {
      "file": "chunk-7MGOZNC6.js"
    },
    "chunk-WGRCPX6P": {
      "file": "chunk-WGRCPX6P.js"
    },
    "chunk-YHCV7DAQ": {
      "file": "chunk-YHCV7DAQ.js"
    }
  }
}