{
  "hash": "35693306",
  "configHash": "dd56f1af",
  "lockfileHash": "1a9d4a92",
  "browserHash": "71ae306c",
  "optimized": {
    "@angular/common": {
      "src": "../../../../../../node_modules/@angular/common/fesm2022/common.mjs",
      "file": "@angular_common.js",
      "fileHash": "9ae67113",
      "needsInterop": false
    },
    "@angular/common/http": {
      "src": "../../../../../../node_modules/@angular/common/fesm2022/http.mjs",
      "file": "@angular_common_http.js",
      "fileHash": "e6694757",
      "needsInterop": false
    },
    "@angular/core": {
      "src": "../../../../../../node_modules/@angular/core/fesm2022/core.mjs",
      "file": "@angular_core.js",
      "fileHash": "c0162cc1",
      "needsInterop": false
    },
    "@angular/forms": {
      "src": "../../../../../../node_modules/@angular/forms/fesm2022/forms.mjs",
      "file": "@angular_forms.js",
      "fileHash": "f6d6be4a",
      "needsInterop": false
    },
    "@angular/platform-browser": {
      "src": "../../../../../../node_modules/@angular/platform-browser/fesm2022/platform-browser.mjs",
      "file": "@angular_platform-browser.js",
      "fileHash": "0641a560",
      "needsInterop": false
    },
    "@angular/router": {
      "src": "../../../../../../node_modules/@angular/router/fesm2022/router.mjs",
      "file": "@angular_router.js",
      "fileHash": "c99a4450",
      "needsInterop": false
    },
    "@ng-idle/core": {
      "src": "../../../../../../node_modules/@ng-idle/core/fesm2022/ng-idle-core.mjs",
      "file": "@ng-idle_core.js",
      "fileHash": "5453bbc7",
      "needsInterop": false
    },
    "@ng-idle/keepalive": {
      "src": "../../../../../../node_modules/@ng-idle/keepalive/fesm2022/ng-idle-keepalive.mjs",
      "file": "@ng-idle_keepalive.js",
      "fileHash": "b135bb43",
      "needsInterop": false
    },
    "rxjs": {
      "src": "../../../../../../node_modules/rxjs/dist/esm5/index.js",
      "file": "rxjs.js",
      "fileHash": "52f0f4ef",
      "needsInterop": false
    },
    "zone.js": {
      "src": "../../../../../../node_modules/zone.js/fesm2015/zone.js",
      "file": "zone__js.js",
      "fileHash": "65d5bead",
      "needsInterop": true
    }
  },
  "chunks": {
    "chunk-HH7VHSRV": {
      "file": "chunk-HH7VHSRV.js"
    },
    "chunk-A6OFB42E": {
      "file": "chunk-A6OFB42E.js"
    },
    "chunk-LSVIF5KG": {
      "file": "chunk-LSVIF5KG.js"
    },
    "chunk-4OSHMCG2": {
      "file": "chunk-4OSHMCG2.js"
    },
    "chunk-RDHXSB74": {
      "file": "chunk-RDHXSB74.js"
    },
    "chunk-ZVDZKNJT": {
      "file": "chunk-ZVDZKNJT.js"
    },
    "chunk-RSS3ODKE": {
      "file": "chunk-RSS3ODKE.js"
    },
    "chunk-WDMUDEB6": {
      "file": "chunk-WDMUDEB6.js"
    }
  }
}